id;file_key;state
c2cb20fb-27ec-4e1b-bf87-40b2479c89a8;blindfold;DELETED
298d449c-eca0-47bb-ae8c-87646bf65bf5;brr unto indeed;INACTIVE
34a984b2-adee-409a-aa69-b5b40c1e1485;a likewise along;DELETED
776a1ba0-f4be-4e5b-829c-21b70e989b18;wildly;ACTIVE
3e2078e0-dcea-4247-9831-b348cba71c76;fooey motionless;INACTIVE
28ce012f-685f-4263-9a64-65ae1412308b;anenst when;INACTIVE
25d8ddde-e5e7-4872-bed7-35f7b9b49da5;bootleg ha cumbersome;ACTIVE
f58c2900-776a-4c24-ae6c-6c2c1e1c7be9;mmm prudent till;DELETED
7fbb86df-7daf-4213-8891-31089325e522;image;DELETED
7a05ddab-b5d9-4dee-beb7-d959c4562716;than safely propitiate;DELETED
