id;name;ord;state
e8cf514d-1ba6-4888-b0f8-5a5bc27b7534;invention;13054;ACTIVE
ddc691d4-7aab-4c74-a772-9af4650c9a77;the realign french;30522;INACTIVE
bdaed5cc-b6c5-4c5e-a9c2-0320a5bb376a;unconscious buoyant beguile;8696;DELETED
48d255c6-50e4-49cd-ae0c-f8eff50adcb5;cluttered;3681;ACTIVE
56379a92-ccf9-4516-83c1-328a43bc3bd0;bray seep convict;14856;DELETED
3be85d77-6a06-4268-bb76-d35042f4a0b4;as wonder tape;650;INACTIVE
e9831c78-cde3-4326-bf0e-8120d5219457;sadly meanwhile gate;7908;ACTIVE
3a1b3008-5ccb-4bef-afc8-bf408f1e23ca;whether bladder lower;4090;INACTIVE
1d36e4af-db0e-4cdb-9900-e71276115b33;since;9933;DELETED
7eaa04ff-27b3-4203-a091-b0ebed2431e4;hence nicely;8667;INACTIVE
